platform,title,company,location,url,date,description,source_api,id,relevance_score,salary,posted_time
Naukri.com,Software Developer Jobs,Naukri.com,India,https://www.naukri.com/software-developer-jobs,2026-04-22,"Apply To 74645 Software Developer Jobs- 119 In Cognizant, 414 In Ibm, 677 In Wipro & 102 In Amazon On Naukri.com, India's No.1 Job Site.",Google Web Search,7eecf198,0.8,,
Indeed,110000 Software Developer Job Vacancies,Indeed,India,https://in.indeed.com/q-software-developer-jobs.html,2026-04-22,"software developer jobs ; Software Developer. SmartDocs. Hyderabad, Telangana ; Software Developer. Lenhart Global Consultancy. Vellayani, Thiruvananthapuram, ...",Google Web Search,360d22a7,0.8,,
Glassdoor,"1,35285 software developer jobs in India, April 2026",Glassdoor,India,"https://www.glassdoor.co.in/Job/india-software-developer-jobs-SRCH_IL.0,5_IN115_KO6,24.htm",2026-04-22,"Search Software developer jobs in India with company ratings and salaries. 1,35285 open jobs for Software developer in India.",Google Web Search,1ed02393,0.8,,
Randstad India,Software developer jobs and overview,Randstad India,India,https://www.randstad.in/jobs/s-it/s2-software-and-application-developers/r-software-developer/,2026-04-22,"On this page, you will find a list of our current software developer jobs and an overview of the typical responsibilities and expectations of a software ...",Google Web Search,b8365463,0.8,,
Mployee.me,Latest Software Developer Jobs in India,Mployee.me,India,https://www.mployee.me/jobs/software-developer-jobs,2026-04-22,"Explore the latest Software Developer job openings in India across companies and locations. Filter by experience, skills, and apply faster with Mployee.me.",Google Web Search,da7c75f5,0.8,,
Google Jobs,"Software Developers for AI-Driven Projects (Europe, Remote)",MobileShifts,"Bhopal, Madhya Pradesh",https://www.google.com/search?ibp=htl;jobs&q=Software+Developer+India&htidocid=DxM6xqeEavKOrPQ8AAAAAA%3D%3D&hl=en-IN&shndl=37&shmd=H4sIAAAAAAAA_xWOMQrCQBBFsc0RrKYSlZiIYKOVEhGLgKi9bJJJdsNmZ9lZo3beweN4G0_i2vzqPd6PPoPocqba34VDyLBHTRYdQ00ONodZ5lSPBo6OWiw9w3h3cwGI4YQdeZzA9_WGlgpgFK6UQAb2RI3G4Vp6b3mVpsw6adgLr8qkpC4lgwU90iDxf64sQ9pq4fG6WM4fiTXNdJRToTSepapDVBnYSrJCx5CLSj5F-CMqZPkDAAIMqb4AAAA&shmds=v1_ATWGeeOKO2rVfPWgV8u8jZAfhCDxKvUBGNH3J_ZVd8D20cGwpA&source=sh/x/job/li/m1/1#fpstate=tldetail&htivrt=jobs&htiq=Software+Developer+India&htidocid=DxM6xqeEavKOrPQ8AAAAAA%3D%3D,2026-04-22,"We are currently engaging experienced software developers from India (Remote) for ongoing and upcoming AI-driven projects with European companies.


These projects focus on building production-level systems across AI, data platforms, and scalable cloud infrastructure. Work is fully remote, with international teams and long-term opportunities.


We are building a curated, high-quality talent pool for continuous project allocation. Selected candidates will be matched with active and upcoming engag",SerpAPI Google Jobs,ade4da46,0.8,Not specified,3 days ago
Google Jobs,Software Developer,Versigent,"Pimpri-Chinchwad, Maharashtra",https://www.google.com/search?ibp=htl;jobs&q=Software+Developer+India&htidocid=FCS06pfL12ZtREt3AAAAAA%3D%3D&hl=en-IN&shndl=37&shmd=H4sIAAAAAAAA_xXMsQrCMBCAYVz7CE43V21EcNFRwUkQBNdyxjOJpLmQO2xH30HwAX0S6_Jv3199JtXszHftsRDs6UmRMxX4vt7w4CsIYbEeOMGB2UWabr1qlo0xIrFxoqjBNpY7w4muPJgRyT-t-PGYIyq1q_VyaHJydX2hIsFRUggJTqHLJSx2PiTre7zN4YgjQvFa8Acz969fmQAAAA&shmds=v1_ATWGeeO5OMsx1jrjZDZ0pxBatCGEnq69oouHbMxcEa58OhpCqQ&source=sh/x/job/li/m1/1#fpstate=tldetail&htivrt=jobs&htiq=Software+Developer+India&htidocid=FCS06pfL12ZtREt3AAAAAA%3D%3D,2026-04-22,"Role Overview

We are seeking an experienced Software Developer to design, develop, and maintain Manufacturing Execution System (MES) application - Apriso. The ideal candidate will have strong expertise in .NET technologies, MS SQL, and integration with shop-floor systems. This role involves working closely with manufacturing, operations, and IT teams to deliver robust, scalable solutions that optimize production processes.

Key Responsibilities

Design, develop, and maintain MES application usi",SerpAPI Google Jobs,c217fa3d,0.8,Not specified,2 days ago
Tata Nexarc,Software Developer(Immediate Joiners Preferred),Tata Nexarc,Gurugram,https://bebee.com/in/jobs/software-developerimmediate-joiners-preferred-tata-nexarc-delhi-gurugram-ncr--theirstack-667520436,2026-04-22,"Dear Candidate,

We have an exciting opportunity at our company Tata Business Hub for a Software Developer role, and based on your experience and skill set, we believe this role could be a great fit for you.

Company Details : Tata Business Hub is a digital first B2B organization setup by TATA Group to holistically address the needs of Emerging Businesses. We value the pivotal role of emerging businesses in our Nations economic growth and prosperity, and believe in empowering them to be deeply a",RapidAPI JSearch,68c0ee8c,0.8,Not specified,2026-04-20T00:00:00.000Z
Acl Digital,Java or Python Software Developer - CFS/RFS Modeller,ACL Digital,Panipat,https://bebee.com/in/jobs/java-or-python-software-developer-cfs-rfs-modeller-acl-digital-pnpat--jobrapid-132508242325117337633650,2026-04-22,"Hi All,

ACL Digital is actively hiring Java or Python Software Developer - CFS/RFS Modeller for Service Orchestration/MDSO Application development to join our dynamic team.

Job Requirement

Your primary activities will include:

• You will work within an Agile development environment with our professional services team to develop & deliver SW components as directed by the Architect or Delivery Manager.
• Develop software container based micro-services, libraries, and features for Resource Adap",RapidAPI JSearch,c0026fa6,0.8,Not specified,2026-04-16T00:00:00.000Z
Iq-Eq,"Senior Software Developer | Hyderabad, IN",IQ-EQ,Hyderabad,https://www.efinancialcareers.com/jobs-India-Hyderabad-Senior_Software_Developer.id24138634,2026-04-22,"Senior Software Developer

{""description"": "" Company Description 

ABOUT IQ-EQ 

We're a leading Investor Services group offering end-to-end services in administration, accounting, reporting, regulatory and compliance needs of the investment sector worldwide. 

We employ a global workforce of 6000 people across 27 jurisdictions and have assets under administration (AUA) exceeding US$750 billion. We work with 13 of the world's top 15 private equity firms. 

Our services are underpinned ",RapidAPI JSearch,4de4aef7,0.8,Not specified,2026-04-17T00:00:00.000Z
Remotive,Senior Independent Software Developer,A.Team,Remote,https://remotive.com/remote-jobs/software-development/senior-independent-software-developer-1919265,2026-04-16,"<p style=""text-size-adjust: 100%; overflow-wrap: break-word;""><em>You must be located in the Americas, Europe, or Israel to apply.<br></em><br><br><a href=""https://build.a.team/remotivereferral"" rel=""nofollow"">A·Team</a> is a VC-backed, stealth, application-only home on the internet for senior independent software builders to team up with hand-picked, high-growth companies on their next big thing.",Remotive API,e6b09056,0.7,$90 - $150 /hour,
Google Jobs,.NET Software Developer,ABN Consultancy Service,"Coimbatore, Tamil Nadu",https://www.google.com/search?ibp=htl;jobs&q=Software+Developer+India&htidocid=aSqaKC-lru3D5LtaAAAAAA%3D%3D&hl=en-IN&shndl=37&shmd=H4sIAAAAAAAA_xWMOw6CQBBAY8sRrKY2hkUTG638xY4GerKsI6xZdjY7A2LnHbyBR_MkYvOKl7yXfGZJlubnEgq6yUNHhBMO6ChghO_rDXeqgVFH0wJ5uBA1Due7ViTwVilmlzYsWqxJDXWKPNY0qiniPypup2NwWrBab7IxDb5ZrPaHHI7kuXeivXlCgXGwBsH6Sduu1kIRl1DqzjrI9bX_ASEBvTulAAAA&shmds=v1_ATWGeeNPD2i1l9UqESFpQfBIJJiJlaKymvwAUd42aB8J566mJw&source=sh/x/job/li/m1/1#fpstate=tldetail&htivrt=jobs&htiq=Software+Developer+India&htidocid=aSqaKC-lru3D5LtaAAAAAA%3D%3D,2026-04-22,"Responsibilities
Design, develop, test and maintain web applications using .NET technologies such as ASP.NET MVC, SQL Server, JavaScript, Bootstrap.
Perks and benefits
Food allowance, Free Accommodation",SerpAPI Google Jobs,7a26ce44,0.7,₹4L–₹7L a month,3 days ago
Google Jobs,Software Developer - Java Full Stack Developer,Dassault Systèmes,"Bengaluru, Karnataka",https://www.google.com/search?ibp=htl;jobs&q=Software+Developer+India&htidocid=5FokXgb1DfrRaQ17AAAAAA%3D%3D&hl=en-IN&shndl=37&shmd=H4sIAAAAAAAA_02NMQ6CQBAAY8sTrLYmCsbERjtDJNGSB5CFrIAct5fbBbHzD37C2i_4E18idjbTTCYTvGZBmvFZr-gJEhrIsCMPSzjigHDojYFMsWz_3Of-gAsXIIS-rIEtpMyVofmuVnWyjWMRE1WiqE0ZldzFbKngMZ4i-SGXero5g0r5erMaI2erMExQBHujkN1E38-OBBoLe7IVmt73Cziht6jY4hfMt86etQAAAA&shmds=v1_ATWGeePeguQ1JIpqZkEzG30XeYgQ-97F9xS2T0xWuZUFvr3PWg&source=sh/x/job/li/m1/1#fpstate=tldetail&htivrt=jobs&htiq=Software+Developer+India&htidocid=5FokXgb1DfrRaQ17AAAAAA%3D%3D,2026-04-22,"As part of our software application development team, you will be involved in challenging and exciting projects, supporting the team in the creation of outstanding enterprise solutions used by major customers across multiple industries.Role Des",SerpAPI Google Jobs,07b368fd,0.5,Not specified,7 days ago
LinkedIn India,Developer jobs in India,LinkedIn India,India,https://in.linkedin.com/jobs/developer-jobs,2026-04-22,"Bengaluru, Karnataka, India. Actively Hiring. 1 day ago. Software developer engineer. Software developer engineer. Amazon Web Services (AWS). Bengaluru, ...",Google Web Search,fdbdc627,0.3,,
Crossover for work,Remote Software Engineer Jobs hiring in India,Crossover for work,India,https://ed.crossover.com/jobs/software-engineer/india,2026-04-22,Find leading US companies hiring full-time software engineers in India. Create real impact with remote software developer jobs that give you full autonomy ...,Google Web Search,5430cef5,0.3,,
IBM,Jobs in Software Engineering - Careers,IBM,India,https://www.ibm.com/in-en/careers/software-engineering,2026-04-22,"Employee on her SW development careers. What does a Software Developer do? Read more. Person with light-colored hair posing for a photo, resting a hand near ...",Google Web Search,75617a6e,0.3,,
Instahyre,Software Engineering jobs,Instahyre,India,https://www.instahyre.com/software-engineering-jobs/,2026-04-22,"Showing 1 - 20 out of 8559 Software Engineering jobs. No matching jobs found. Infosys - Software Developer. Job available in Bangalore, Chennai, Noida.",Google Web Search,e0183b8d,0.3,,
D. E. Shaw India,Careers,D. E. Shaw India,India,https://www.deshawindia.com/careers/work-with-us,2026-04-22,"Lead, Tech (GAITech): We are looking for an experienced software developer to join the GAI Tech team at the D. E. Shaw India office based in Hyderabad, ...",Google Web Search,56d46673,0.3,,
Wellfound,Software Engineer Jobs in India - 2026,Wellfound,India,https://wellfound.com/role/l/software-engineer/india,2026-04-22,Find the best Software Engineer jobs in India in 2026! Apply to all of them with a single profile and get in touch with hiring managers directly ...,Google Web Search,53817efc,0.0,,
LinkedIn India,1000+ Software Engineer jobs in India,LinkedIn India,India,https://in.linkedin.com/jobs/software-engineer-jobs,2026-04-22,"25,000+ Software Engineer Jobs in India (1,632 new). Software Engineer. Software Engineer. Microsoft. Bengaluru, Karnataka, India. Actively Hiring. 1 week ago.",Google Web Search,6ce18452,0.0,,
Mastercard,Software Engineering Jobs at Mastercard,Mastercard,India,https://careers.mastercard.com/us/en/c/software-engineering-jobs,2026-04-22,Apply for Software Engineering jobs at Mastercard. Browse our opportunities and apply today to a Mastercard Software Engineering position.,Google Web Search,2974411d,0.0,,
Google Jobs,Senior Software Engineer(Sr. Full Stack . Net Developer/Architect),Caterpillar,"Bengaluru, Karnataka",https://www.google.com/search?ibp=htl;jobs&q=Software+Developer+India&htidocid=XyhM10u2bj7x8TmhAAAAAA%3D%3D&hl=en-IN&shndl=37&shmd=H4sIAAAAAAAA_xWNvWpCQRBGSesjpBqwSULYlUCaWJkfLQI2t0wh4zLu3TiZWWbnGkvfwQfyXXyS3DQfnAOHb3K5mXx1JEUNOt35LxrBh-QiRHbXWYDlwAydY9pDgDU5vNOBWCtZXFjqi1Pye7iezvCtW2iEowQVWKlmptt5717bS4ytccjN0UsKSX-iCm31GMeo_c-m9eN1ZXTaPD3PjqFKfpi-jWi1MKNBEXglyciDDY_wiSbouMc_I5LH38IAAAA&shmds=v1_ATWGeeNyOzpBYpCJuDu_EZUJ0ay86wawX1lvyjctRrZ66AbEtw&source=sh/x/job/li/m1/1#fpstate=tldetail&htivrt=jobs&htiq=Software+Developer+India&htidocid=XyhM10u2bj7x8TmhAAAAAA%3D%3D,2026-04-22,"Career Area:

Technology, Digital and Data

Job Description:

Your Work Shapes the World at Caterpillar Inc. 



When you join Caterpillar, you're joining a global team who cares not just about the work we do – but also about each other. We are the makers, problem solvers, and future world builders who are creating stronger, more sustainable communities. We don't just talk about progress and innovation here – we make it happen, with our customers, where we work and live. Together, we are buildin",SerpAPI Google Jobs,8c34bb6b,0.0,Not specified,15 hours ago
Google Jobs,Software UI Developer,Cisco,"Bengaluru, Karnataka",https://www.google.com/search?ibp=htl;jobs&q=Software+Developer+India&htidocid=Ww6TccHciBac0pXjAAAAAA%3D%3D&hl=en-IN&shndl=37&shmd=H4sIAAAAAAAA_xXMMQoCMRBAUWz3CIIwtUgigo12KohYivUyG8ZkNWZCZla39AB23tCTuDa_e796jypz4os-sRCcD7CjB0XOVOD7-sCVGxDC4gJwgj2zjzReB9UsK2tFovGiqK0zju-WEzXc2wHJP7WEYZojKtWL5bw3OfnpZNuKY2gTbCh5jF3pZnDEklDxhj-gg26ljwAAAA&shmds=v1_ATWGeePnb_h2reYhZiImMFtJqMgl4rEC6bg8KVsQBsJxh-JJ2g&source=sh/x/job/li/m1/1#fpstate=tldetail&htivrt=jobs&htiq=Software+Developer+India&htidocid=Ww6TccHciBac0pXjAAAAAA%3D%3D,2026-04-22,"Please note this posting is to advertise potential job opportunities. This exact role may not be open today but could open in the near future. When you apply, a Cisco representative may contact you directly if a relevant position opens.





Develops software consistent with Cisco ‘Design Thinking Principles’ with a focus on simplification and UX (User Experience) at its core, using secure coding practices, ensuring user privacy, and following software development best practices. Partners with o",SerpAPI Google Jobs,12de168f,0.0,Not specified,27 days ago
Google Jobs,Spring Boot Developer in Gurgaon,DigitalXNode,"Gurugram, Haryana",https://www.google.com/search?ibp=htl;jobs&q=Software+Developer+India&htidocid=f3cxotNq-R5NQLwlAAAAAA%3D%3D&hl=en-IN&shndl=37&shmd=H4sIAAAAAAAA_y2NMQrCQBAAsc0TrNZWJCeChdpJIFY2NnZhE5fNhcvtcXuR2PkHS3_nS4xgM8XAMNl7lu0uIVrPcBRJUNCdnASKYD2UQ2QUD5_nCzqpQQlj08JkShF2ND-0KQXdG6PqctaEyTZ5I70RT7WMZor0h0pbjBQcJqo22_WYB8_LRWHZJnTXs9zovxs4Yr-CE8YHevwCOq_fvZ4AAAA&shmds=v1_ATWGeeNAwCJYu51aVBuafimAL8ryXQskyPHvE0NF4wiKsR0Xrg&source=sh/x/job/li/m1/1#fpstate=tldetail&htivrt=jobs&htiq=Software+Developer+India&htidocid=f3cxotNq-R5NQLwlAAAAAA%3D%3D,2026-04-22,"We are looking for an experienced Spring Boot Developer to design, develop, and maintain scalable backend systems and microservices. You will play a key role in building high-performance applications and solving complex engineering challenges in a fast-paced environment.

Key Responsibilities



Design and develop robust applications using Spring Boot and JavaBuild and maintain microservices-based architectureDevelop and consume RESTful APIsWork with cross-functional teams to deliver scalable so",SerpAPI Google Jobs,332b587d,0.0,Not specified,5 hours ago
Google Jobs,Software Engineer,Caterpillar,"Chennai, Tamil Nadu (+1 other)",https://www.google.com/search?ibp=htl;jobs&q=Software+Developer+India&htidocid=QVv0chvpj0yRIseZAAAAAA%3D%3D&hl=en-IN&shndl=37&shmd=H4sIAAAAAAAA_xWMsQrCMBBAce0nOB2ORRIRXHQsxc1F93KtZxJJ70IuYkd_wMk_9Eusy4M3vFe9F1V9llt5YiZo2QUmyvB9feAuPShhHjwIw1HERVoefClJ99aqRuO0YAmDGWS0wtTLZOdI_-jUz8MUsVC33W0mk9jVq2bWnEKMmCEwNJ6YMazhgmOIcMLr4wdDzipgkAAAAA&shmds=v1_ATWGeePR0kCaCqKGaj4ZUePhpnPYxzjRGibBaSbFwtMoeaVYDw&source=sh/x/job/li/m1/1#fpstate=tldetail&htivrt=jobs&htiq=Software+Developer+India&htidocid=QVv0chvpj0yRIseZAAAAAA%3D%3D,2026-04-22,"Career Area:

Technology, Digital and Data

Job Description:

Your Work Shapes the World at Caterpillar Inc. 



When you join Caterpillar, you're joining a global team who cares not just about the work we do – but also about each other. We are the makers, problem solvers, and future world builders who are creating stronger, more sustainable communities. We don't just talk about progress and innovation here – we make it happen, with our customers, where we work and live. Together, we are buildin",SerpAPI Google Jobs,52fcb312,0.0,Not specified,7 days ago
Google Jobs,Software Engineer (India),Strac,"Mumbai, Maharashtra (+2 others)",https://www.google.com/search?ibp=htl;jobs&q=Software+Developer+India&htidocid=z5jrAfeE_VsoMLCoAAAAAA%3D%3D&hl=en-IN&shndl=37&shmd=H4sIAAAAAAAA_xWMMQ7CMAxFxdojIAaPgFCDKrHAjBBDpx6gckNIUrV2FRvRkRswcENOQlj-8PTeL96Lomr4rk9MDs7kIzmXYH2lW8QNfF8f6LkDcZhsACa4MPvBLU9BdZKjMSJD6UVRoy0tj4bJdTybHMl_Wgn5eBpQXVsd9nM5kd-uGk1oIRLUj7HDuIMas4YSMv8BVPVCQ5IAAAA&shmds=v1_ATWGeeNzwuMW6w999DXIEW0xkQuYHueOvTxG8vM-zK_qCXST0g&source=sh/x/job/li/m1/1#fpstate=tldetail&htivrt=jobs&htiq=Software+Developer+India&htidocid=z5jrAfeE_VsoMLCoAAAAAA%3D%3D,2026-04-22,"We are seeking a highly skilled  Software Engineer with a strong background in software development and an excellent grasp of low-level and cloud technologies.


As a  Software Engineer at Strac, you'll build cutting-edge full-stack technologies that will transform the way businesses scan and remediate sensitive data across various SaaS, Cloud, Gen AI, Browsers. Through high ownership, you’ll help expand our product offering to cover more third-party integrations. You'll work closely with core p",SerpAPI Google Jobs,d99cbf95,0.0,Not specified,Recently
Google Jobs,Software Engineer - Java - Associate - Bangalore/Chennai/Mumbai,BNP Paribas India Solutions,India,https://www.google.com/search?ibp=htl;jobs&q=Software+Developer+India&htidocid=qka3KSsZI1zFd-8uAAAAAA%3D%3D&hl=en-IN&shndl=37&shmd=H4sIAAAAAAAA_yWNPYoCQRCFMZ0jGFVgJDgtwiZu5Miy7IIyYGImNWPZU9JWDV3tT-gd9jxexpPYssl7jw8eX_EYFNuNHtIVI8GXeBaiCBP4xQvmWphpy5go7wrFY9BIbtmRCLJbnU8NMjzvf3DUBowwth2owLeqDzT87FLqbe6cWSi9JUzclq2enAo1enP5ZO_YWZf1fcie3exjeit78eNRta6hxsgNGvzInhE2Gs6JVQxY_tELyNe2X8AAAAA&shmds=v1_ATWGeeNNmE5ud4Xh14yhb94M9S2j5zvJLvkRc1noqmG-AjImxw&source=sh/x/job/li/m1/1#fpstate=tldetail&htivrt=jobs&htiq=Software+Developer+India&htidocid=qka3KSsZI1zFd-8uAAAAAA%3D%3D,2026-04-22,"Job Title: Software Engineer

Department: ISPL - Information Technology 

About Business line/Function: 

BNP Paribas Information Technology team is part of the bank’s leading solution provider to global financial services, across capital markets, securities services, advisory, finance and treasury. Our teams work in multi-cultural and empowered squads who deliver new functionalities and enhancements on a frequent basis.   

Position Purpose:A Senior Java Developer is responsible for designing, ",SerpAPI Google Jobs,339cae9b,0.0,Not specified,23 days ago
Mastercard,Senior Software Engineer-1,Mastercard,Pune,https://careers.mastercard.com/us/en/job/R-275121/Senior-Software-Engineer-1,2026-04-22,"Our Purpose

Mastercard powers economies and empowers people in 200+ countries and territories worldwide. Together with our customers, we’re helping build a sustainable economy where everyone can prosper. We support a wide range of digital payments choices, making transactions secure, simple, smart and accessible. Our technology and innovation, partnerships and networks combine to deliver a unique set of products and services that help people, businesses and governments realize their greatest po",RapidAPI JSearch,6568ec4b,0.0,Not specified,2026-04-21T23:00:00.000Z
Mastercard,Software Engineer II,Mastercard,Gurugram,https://careers.mastercard.com/us/en/job/R-273792/Software-Engineer-II,2026-04-22,"Our Purpose

Mastercard powers economies and empowers people in 200+ countries and territories worldwide. Together with our customers, we’re helping build a sustainable economy where everyone can prosper. We support a wide range of digital payments choices, making transactions secure, simple, smart and accessible. Our technology and innovation, partnerships and networks combine to deliver a unique set of products and services that help people, businesses and governments realize their greatest po",RapidAPI JSearch,176baccd,0.0,Not specified,2026-04-19T00:00:00.000Z
Simcorp A/S,"Software Engineer in Accounting | Hyderabad, IN",SimCorp A/S,Hyderabad,https://www.efinancialcareers.com/jobs-India-Hyderabad-Software_Engineer_in_Accounting.id24148710,2026-04-22,"Software Engineer in Accounting

{""description"": "" WHAT MAKES US, US 

Join some of the most innovative thinkers in FinTech as we lead the evolution of financial technology. If you are an innovative, curious, collaborative person who embraces challenges and wants to grow, learn and pursue outcomes with our prestigious financial clients, say Hello to SimCorp! 

At its foundation, SimCorp is guided by our values - caring, customer success-driven, collaborative, curious, and courageous. Our p",RapidAPI JSearch,504cf374,0.0,Not specified,2026-04-19T00:00:00.000Z
Bank Of America,Software Engineer II B - GBS IND,Bank of America,Mumbai,https://careers.bankofamerica.com/en-us/job-detail/26013156/software-engineer-ii-b-gbs-ind-mumbai-india,2026-04-22,"Job Description:

About Us

At Bank of America, we are guided by a common purpose to help make financial lives better through the power of every connection. Responsible Growth is how we run our company and how we deliver for our clients, teammates, communities and shareholders every day.
One of the keys to driving Responsible Growth is being a great place to work for our teammates around the world. We’re devoted to being a diverse and inclusive workplace for everyone. We hire individuals with a ",RapidAPI JSearch,4a58f357,0.0,Not specified,2026-04-12T00:00:00.000Z
Turing,Remote Java Developer,Turing,Panipat,https://bebee.com/in/jobs/remote-java-developer-turing-pnpat--jobrapid-54389260585585868833650,2026-04-22,"About the projects: we are building LLM evaluation and training datasets to train LLM to work on realistic software engineering problems. One of our approaches, in this project, is to build verifiable SWE tasks based on public repository histories in a synthetic approach with human-in-the-loop; while expanding the dataset coverage to different types of tasks in terms of programming language, difficulty level, and etc.

About the Role:

We are looking for experienced software engineers (tech lead",RapidAPI JSearch,612ed793,0.0,Not specified,2026-04-16T00:00:00.000Z
Jpmc Candidate Experience Page,Senior Manager of Software Engineering,JPMC Candidate Experience page,Hyderabad,https://jpmc.fa.oraclecloud.com/hcmUI/CandidateExperience/en/sites/CX/job/210736604,2026-04-22,"You will oversee the full software development lifecycle, champion engineering best practices (testing, CI/CD, observability, and secure development), and foster a culture of innovation and accountability. You’ll also have opportunities to drive the adoption of AI-enabled capabilities and agent-driven tools that improve customer and employee experiences.
As a Senior Manager of Software Engineering at JPMorgan Chase within the BBAO team, you will lead a team of engineers responsible for designing",RapidAPI JSearch,77dfcfee,0.0,Not specified,2026-04-19T00:00:00.000Z
Adci Maa 12 Sez,"Senior Software Development Engineer, FinTech, Audible",ADCI MAA 12 SEZ,Chennai,https://www.audiblecareers.com/job/chennai/senior-software-development-engineer-fintech-audible/27552/93942458704,2026-04-22,"At Audible, we believe stories have the power to transform lives. It’s why we work with some of the world’s leading creators to produce and share audio storytelling with our millions of global listeners. We are dreamers and inventors who come from a wide range of backgrounds and experiences to empower and inspire each other. Imagine your future with us.

ABOUT THIS ROLE
As a Senior Software Development Engineer, it’s up to you to define, design and refine the tech that keeps us one step ahead of",RapidAPI JSearch,15da4190,0.0,Not specified,2026-04-13T00:00:00.000Z
Chase- Candidate Experience Page,"Software Engineer III - .Net , Java, Oracle databse",Chase- Candidate Experience page,Hyderabad,https://jpmc.fa.oraclecloud.com/hcmUI/CandidateExperience/en/sites/CX_1002/job/210733925,2026-04-22,"We have an exciting and rewarding opportunity for you to take your software engineering career to the next level.
As a Software Engineer III at JPMorganChase within the Consumer and Community Banking , you serve as a seasoned member of an agile team to design and deliver trusted market-leading technology products in a secure, stable, and scalable way. You are responsible for carrying out critical technology solutions across multiple technical areas within various business functions in support of",RapidAPI JSearch,03c0a7ba,0.0,Not specified,2026-04-21T00:00:00.000Z
Uber,software engineer 2 iOS,Uber,Bengaluru,https://www.uber.com/global/en/careers/list/156527/,2026-04-22,"About the Role

This role is for experience team under earner org. The primary objective for this team is to solve the problem of low acceptance rate throughout uber systems. Uber has moved from a supply constrained market to ‘quality supply’ being need of the hour. The broader program enables uber to do just that by creating sustainable and meaningful quality based loyalty and engagement boosting products.

Core experiences like trip , offer , preferences scheduling planning and guidance are al",RapidAPI JSearch,4991250e,0.0,Not specified,2026-03-31T00:00:00.000Z
Gartner Careers,Software Engineer - Full stack,Gartner Careers,Gurugram,https://jobs.gartner.com/jobs/job/108777-software-engineer-full-stack/,2026-04-22,"About Gartner IT

Join a world-class team of skilled engineers who build creative digital solutions to support our colleagues and clients. We make a broad organizational impact by delivering cutting-edge technology solutions that power Gartner. Gartner IT values its culture of nonstop innovation, an outcome-driven approach to success, and the notion that great ideas can come from anyone on the team.

About the Role

We are looking for a Full Stack Software Engineer with 2–4 years of experience t",RapidAPI JSearch,83d77c31,0.0,Not specified,2026-04-19T00:00:00.000Z
Ebay,Software Engineer 2,eBay,Bengaluru,https://jobs.ebayinc.com/us/en/job/R0072691/Software-Engineer-2,2026-04-22,"At eBay, we're more than a global ecommerce leader — we’re changing the way the world shops and sells. Our platform empowers millions of buyers and sellers in more than 190 markets around the world. We’re committed to pushing boundaries and leaving our mark as we reinvent the future of ecommerce for enthusiasts.

Our customers are our compass, authenticity thrives, bold ideas are welcome, and everyone can bring their unique selves to work — every day. We're in this together, sustaining the futur",RapidAPI JSearch,51435a22,0.0,Not specified,2026-04-13T00:00:00.000Z
Red Hat India Private Limited,"Senior Software Engineer, AI/ML Backend Developer (Python, Linux)",Red Hat India Private Limited,,https://bebee.com/in/jobs/senior-software-engineer-ai-ml-backend-developer-python-linux-red-hat-india-private-limited-pashan--whatjobs-1831_20155914,2026-04-22,"Red Hat’s Customer Experience & Engagement (CEE) team is looking for a Senior Software Engineer (AI/ML Backend developer) to join our Business Intelligence team.

A Senior Software Engineer for AI/ML Backend at Red Hat is primarily responsible for designing, developing, and deploying scalable AI platforms and applications using open source technologies like Kubernetes and Python. The role often involves working on the Red Hat OpenShift AI platform and contributing to upstream open-source communi",RapidAPI JSearch,997d4376,0.0,Not specified,2026-04-16T00:00:00.000Z
Cisco,"Software Engineer (C, C++, Python, L2, L3, ControlPlane/Control Plane) - 5 - 8 years- Bangalore",Cisco,Bengaluru,https://careers.cisco.com/global/en/job/CISCISGLOBAL2009484EXTERNALENGLOBAL/Software-Engineer-C-C-Python-L2-L3-ControlPlane-Control-Plane-5-8-years-Bangalore,2026-04-22,"Meet The Team

Cisco IOS XR India group is responsible for architecting, designing, developing and supporting solutions for some of the world's largest service providers and web enterprises that are constantly evolving to meet customer business requirements. The team owns key protocol components in the NOS and is in charge of router observability and application hosting frameworks. This development team gets interleaved in every stage of SDLC starting with requirements collection from product ma",RapidAPI JSearch,4d0c3eb9,0.0,Not specified,2026-04-21T23:00:00.000Z
Barclays,Software Engineer - Developer Experience,Barclays,Bengaluru,https://search.jobs.barclays/job/bengaluru/software-engineer-developer-experience/13015/93764357168,2026-04-22,"Join us as a Software Engineer - Developer Experience at Barclays, where you'll spearhead the evolution of our digital landscape, driving innovation and excellence. You'll harness cutting-edge technology to revolutionize our digital offerings, ensuring unapparelled customer experiences. The ideal candidate will have deep expertise in cloud-native technologies, distributed streaming platforms, Kubernetes orchestration, and multi-region architecture patterns.

To be a successful Software Engineer ",RapidAPI JSearch,f63c1f02,0.0,Not specified,2026-04-08T00:00:00.000Z
Jpmc Candidate Experience Page,"Sr. Lead Software Engineer - Java17, Spring, Kubernetes, Linux",JPMC Candidate Experience page,Mumbai,https://jpmc.fa.oraclecloud.com/hcmUI/CandidateExperience/en/sites/CX_1001/job/210721259,2026-04-22,"You will lead a team of Java and React developers, partner closely with Product, Delivery, and Sales and Trading, and own the long-term technical vision and stability of our platform.

As a Senior Lead Software Engineer at JPMorgan Chase within the Commercial & Investment Bank's Markets Execute platform team, you will set engineering standards, architect and build latency-sensitive services, and ensure our codebase is clean, well-structured, and testable. You will drive technical analysis of cli",RapidAPI JSearch,749b4b9e,0.0,Not specified,2026-04-20T00:00:00.000Z
Ge Vernova,"Senior Software Engineer- Python, LLM,Gen AI",GE VERNOVA,Bengaluru,https://bebee.com/in/jobs/senior-software-engineer-python-llmgen-ai-ge-vernova-bengaluru--theirstack-667548232,2026-04-22,"Requirement

• 5-8+ years of software engineering experience with 2-3 years in AI/ML or LLM-based application development
• Strong Python proficiency: Backend services, REST APIs, microservices, clean architecture, modular design
• LLM/GenAI Expertise: Hands-on building LLM applications using OpenAI, HuggingFace, LangChain, LlamaIndex or similar frameworks
• LLM Deep Understanding: Tokenization, attention mechanisms, embeddings, fine-tuning, model limits, context windows
• Prompt Engineering: Pr",RapidAPI JSearch,e973aba2,0.0,Not specified,2026-04-20T00:00:00.000Z
Johnson Controls International,Software Engineer,Johnson Controls International,Pune,https://jobs.johnsoncontrols.com/job/WD30265580,2026-04-22,"Job Description

Title: Software Engineer

Location: Bangalore, India

What you will do:

Join our team and you will be joining our cause to build a world that’s safe, comfortable and sustainable.

As a Software Engineer, you’ll be part of our diverse global team making a significant impact on our organization. You will use your analytical thinking skills combined with your experience in applying design patterns and best practices, structured and disciplined development processes and engineering",RapidAPI JSearch,e70aba23,0.0,Not specified,2026-04-16T00:00:00.000Z
Lilly,Senior Principal Software Engineer,Lilly,Hyderabad,https://careers.lilly.com/us/en/job/R-102759/Senior-Principal-Software-Engineer,2026-04-22,"At Lilly, we unite caring with discovery to make life better for people around the world. We are a global healthcare leader headquartered in Indianapolis, Indiana. Our employees around the world work to discover and bring life-changing medicines to those who need them, improve the understanding and management of disease, and give back to our communities through philanthropy and volunteerism. We give our best effort to our work, and we put people first. We’re looking for people who are determined",RapidAPI JSearch,928c88a4,0.0,Not specified,2026-04-14T00:00:00.000Z
Zb Global Services India Pvt Ltd,Senior Full Stack Web Developer,ZB Global Services India Pvt Ltd,Bengaluru,https://careers.zimmerbiomet.com/us/en/job/8835/Senior-Full-Stack-Web-Developer,2026-04-22,"At Zimmer Biomet, we believe in pushing the boundaries of innovation and driving our mission forward. As a global medical technology leader for nearly 100 years, a patient’s mobility is enhanced by a Zimmer Biomet product or technology every 8 seconds. As a Zimmer Biomet team member, you will share in our commitment to providing mobility and renewed life to people around the world. To support our talent team, we focus on development opportunities, robust employee resource groups (ERGs), a flexib",RapidAPI JSearch,ebc260f9,0.0,Not specified,2026-04-21T23:00:00.000Z
Expedia Group,"Software Development Engineer III (Back-End) | Gurgaon, IN",Expedia Group,Gurugram,https://www.efinancialcareers.com/jobs-India-Gurgaon-Software_Development_Engineer_III_Back-End.id24079772,2026-04-22,"Software Development Engineer III (Back-End)

{""description"": ""Expedia Group brands power global travel for everyone, everywhere. We design cutting-edge tech to make travel smoother and more memorable, and we create groundbreaking solutions for our partners. Our diverse, vibrant, and welcoming community is essential in driving our success. 

Why Join Us? 

To shape the future of travel, people must come first. Guided by our Values and Leadership Agreements, we foster an open culture where ",RapidAPI JSearch,94c9cfd6,0.0,Not specified,2026-04-03T00:00:00.000Z
Zoom,VDI Software Engineer,Zoom,,https://careers.zoom.us/jobs/vdi-software-engineer-india,2026-04-22,"Zoom is an award-winning workplace. We have been recognized by Comparably as #1 CEO, Company Happiness, Benefits, Compensation, Diversity, and more! Not to mention we’ve been awarded by Glassdoor as the 2nd Best US workplace & Best Large Company US CEO in 2018, Wealthfront, and Business Insider. Our culture focuses on delivering happiness, our commitment to transparency, and the tangible benefits we provide our employees and our customers.

The Zoom Client Application team is looking for energet",RapidAPI JSearch,af442a5f,0.0,Not specified,2026-03-27T00:00:00.000Z
Chubb External,Senior Software Engineer - .NET & Angular Full Stack,Chubb External,Madhavaram,https://fa-ewgu-saasfaprod1.fa.ocs.oraclecloud.com/hcmUI/CandidateExperience/th/sites/CX_2001/job/32632/?lastSelectedFacet=POSTING_DATES&selectedPostingDatesFacet=30utm_medium&utm_source=google,2026-04-22,"About Chubb
Chubb is a world leader in insurance. With operations in 54 countries and territories, Chubb provides commercial and personal property and casualty insurance, personal accident and supplemental health insurance, reinsurance and life insurance to a diverse group of clients. The company is defined by its extensive product and service offerings, broad distribution capabilities, exceptional financial strength and local operations globally. Parent company Chubb Limited is listed on the Ne",RapidAPI JSearch,65b5e249,0.0,Not specified,2026-04-16T00:00:00.000Z
Bizmatics India Private Limited,Software Engineer,Bizmatics India Private Limited,,https://bebee.com/in/jobs/software-engineer-bizmatics-india-private-limited-ouat-remote-unit-sunabeda--whatjobs-1831_20115214,2026-04-22,"Responsibilities & Duties:

• Write code and contribute to the development of software applications, modules, or components.
• Participate in higher-level aspects of the development process, such as requirements analysis, design, architecture, system integration, testing, and project management.
• Partake in testing code to identify and fix bugs and ensure the quality and reliability of the software.
• Collaborate with other team members, including software architects, designers, and product man",RapidAPI JSearch,209a7f40,0.0,Not specified,2026-04-16T00:00:00.000Z
C3 India Delivery Centre Llp,3rd shift - Senior Software Engineer,C3 India Delivery Centre LLP,Hyderabad,https://careers.crowe.com/job/CROCROUSR49706EXTERNALENUS/3rd-shift-Senior-Software-Engineer,2026-04-22,"Your Journey at Crowe Starts Here:

At Crowe, you can build a meaningful and rewarding career. With real flexibility to balance work with life moments, you’re trusted to deliver results and make an impact. We embrace you for who you are, care for your well-being, and nurture your career. Everyone has equitable access to opportunities for career growth and leadership. Over our 80-year history, delivering excellent service through innovation has been a core part of our DNA across our audit, tax, a",RapidAPI JSearch,91287001,0.0,Not specified,2026-04-03T00:00:00.000Z
831 Intel Technology India Pvt. Ltd.,System Software Engineer,831 Intel Technology India Pvt. Ltd.,,https://intel.wd1.myworkdayjobs.com/en-US/External/job/System-Software-Engineer_JR0282678,2026-04-22,"Job Details: Job Description: Datacenter Hardware Engineering (DHE) within the DCG Platform & System Engineering group is responsible for endtoend data center hardware development, spanning package, board, and system design for both generalpurpose computing and AI platforms. These platforms enable silicon validation, customer reference designs, and ecosystem development across Xeon and GPU product lines. Join our team as a Senior System Software/Firmware Engineer, where you will design, develop,",RapidAPI JSearch,bbf8017a,0.0,Not specified,2026-04-06T00:00:00.000Z
Jpmc Candidate Experience Page,Sr Lead Software Engineer,JPMC Candidate Experience page,Mumbai,https://jpmc.fa.oraclecloud.com/hcmUI/CandidateExperience/en/sites/CX/job/210734004,2026-04-22,"We’re looking for a tech leader ready to take their career to new heights. Join the ranks of top talent at one of the world’s most influential companies.

As a Lead Software Engineer at JPMorgan Chase within the Consumer and Community Banking Machine Learning Intelligence Operations, you are an integral part of an agile team that works to enhance, build, and deliver trusted market-leading technology products in a secure, stable, and scalable way. Drive significant business impact through your ca",RapidAPI JSearch,23cde0b3,0.0,Not specified,2026-04-20T00:00:00.000Z
Intuit,Senior Software Engineer - Credit Karma,Intuit,Bengaluru,https://jobs.intuit.com/job/bengaluru/senior-software-engineer-credit-karma/27595/93444651904,2026-04-22,"As a Backend Software Engineer on our engineering team, you'll get to impact a growing team at Intuit Credit Karma that works across various verticals (insurance, home, auto, personal loans, and credit cards). Further, you’ll help build product experiences that guide our members through the most challenging financial decision of their lifetime. There is an enormous opportunity to build things at scale, move fast, and have a high impact across many different products, including our Core product, ",RapidAPI JSearch,1698f41d,0.0,Not specified,2026-03-30T00:00:00.000Z
Mastercard,Senior Software Engineer- Quality,Mastercard,Pune,https://careers.mastercard.com/us/en/job/R-271910/Senior-Software-Engineer-Quality,2026-04-22,"Our Purpose

Mastercard powers economies and empowers people in 200+ countries and territories worldwide. Together with our customers, we’re helping build a sustainable economy where everyone can prosper. We support a wide range of digital payments choices, making transactions secure, simple, smart and accessible. Our technology and innovation, partnerships and networks combine to deliver a unique set of products and services that help people, businesses and governments realize their greatest po",RapidAPI JSearch,94539b5f,0.0,Not specified,2026-04-19T00:00:00.000Z
Barclays,Lead Software Engineer - Network Automation,Barclays,,https://search.jobs.barclays/job/pune/lead-software-engineer-network-automation/13015/82125565280,2026-04-22,"Embark on a transformative journey as a Lead Software Engineer - Network Automation at Barclays, where you'll spearhead the evolution of our digital landscape, driving innovation and excellence. You'll harness cutting-edge technology to revolutionize our digital offerings, ensuring unapparelled customer experiences.

Operational Support Systems (OSS) Platform Engineering is a new team within the newly formed Network OSS & Tools functional unit in the Network Product domain at Barclays. The Barcl",RapidAPI JSearch,c46675df,0.0,Not specified,2026-03-30T00:00:00.000Z
Jpmc Candidate Experience Page,Lead Software Engineer - Python & React JS,JPMC Candidate Experience page,Mumbai,https://jpmc.fa.oraclecloud.com/hcmUI/CandidateExperience/en/sites/CX_1001/job/210730784/?utm_source=google&utm_medium=getro.com&gh_src=NEXT+Frontier+Capital+job+boardutm_medium,2026-04-22,"We have an opportunity to impact your career and provide an adventure where you can push the limits of what's possible.

As a Lead Software Engineer at JPMorganChase within the Commercial & Investment Bank Payments, you are an integral part of an agile team that works to enhance, build, and deliver trusted market-leading technology products in a secure, stable, and scalable way. As a core technical contributor, you are responsible for conducting critical technology solutions across multiple tech",RapidAPI JSearch,2142b3e5,0.0,Not specified,2026-04-20T00:00:00.000Z
Ebay,Software Engineer – Engineering Systems,eBay,Mumbai,https://jobs.ebayinc.com/us/en/job/R0068310/Software-Engineer-Engineering-Systems,2026-04-22,"At eBay, we're more than a global ecommerce leader — we’re changing the way the world shops and sells. Our platform empowers millions of buyers and sellers in more than 190 markets around the world. We’re committed to pushing boundaries and leaving our mark as we reinvent the future of ecommerce for enthusiasts.

Our customers are our compass, authenticity thrives, bold ideas are welcome, and everyone can bring their unique selves to work — every day. We're in this together, sustaining the futur",RapidAPI JSearch,80fa96aa,0.0,Not specified,2026-04-05T00:00:00.000Z
Confidential,Senior Software Engineer – Cloud & API Platforms,Confidential,Chennai,https://bebee.com/in/jobs/senior-software-engineer-cloud-api-platforms-confidential-chennai--clickajo-287_29813672,2026-04-22,"Senior Software Engineer – Cloud & API Platforms

Location: Offshore – India

Experience: 8+ Years

Employment Type: Contract

Role Overview

We are looking for a highly skilled Senior Software Engineer to join a collaborative, fast-paced engineering team building and modernizing an internal actuarial cloud platform . This role combines cloud-first API development with legacy system support , offering a unique opportunity to work on enterprise-scale systems used globally.

You will play a key ro",RapidAPI JSearch,5d2ed1a6,0.0,Not specified,2026-04-20T00:00:00.000Z
Lucidity,Software Engineer in Test,Lucidity,Vijayapura,https://bebee.com/in/jobs/software-engineer-in-test-lucidity-vijayapura--whatjobs-4948_936948,2026-04-22,"Role : SDET

Location : Bangalore/ Remote (first month of joining and 1 week per quarter to be onsite)

Experience : 2-8 Years

Position : Full Time

About us

Lucidity is a rapidly growing company with a first of its kind and impactful product in the cloud storage. Joining Lucidity offers the opportunity to work on cutting-edge technology, solve real-world problems for major enterprises, and be part of a company that is reshaping the future of cloud storage.

• We were also awarded Best Infra a",RapidAPI JSearch,da547deb,0.0,Not specified,2026-04-20T00:00:00.000Z
Ebay,"MTS 1, Software Engineer, Data Platforms",eBay,Bengaluru,https://jobs.ebayinc.com/us/en/job/R0070961/MTS-1-Software-Engineer-Data-Platforms,2026-04-22,"At eBay, we're more than a global ecommerce leader — we’re changing the way the world shops and sells. Our platform empowers millions of buyers and sellers in more than 190 markets around the world. We’re committed to pushing boundaries and leaving our mark as we reinvent the future of ecommerce for enthusiasts.

Our customers are our compass, authenticity thrives, bold ideas are welcome, and everyone can bring their unique selves to work — every day. We're in this together, sustaining the futur",RapidAPI JSearch,aa31b02f,0.0,Not specified,2026-04-19T00:00:00.000Z
Cisco,"Software Engineer | C programming, Linux, Networking Protocols | 5-8 years",Cisco,Bengaluru,https://careers.cisco.com/global/en/job/CISCISGLOBAL1450323EXTERNALENGLOBAL/Software-Engineer-C-programming-Linux-Networking-Protocols-5-8-years,2026-04-22,"Meet the Team

Cisco IOS XR India group is responsible for architecting, designing, developing and supporting solutions for some of the world's largest service providers and web enterprises that are constantly evolving to meet customer business requirements. The team owns key protocol components in the NOS and is in charge of router observability and application hosting frameworks. This development team gets interleaved in every stage of SDLC starting with requirements collection from product ma",RapidAPI JSearch,ba07f0e3,0.0,Not specified,2026-04-07T00:00:00.000Z
Johnson Controls,Software Engineer,Johnson Controls,Kalyan,https://bebee.com/in/jobs/software-engineer-johnson-controls-kalyani-nagar--whatjobs-1831_20162131,2026-04-22,"Description

Title: Software Engineer

Location: Bangalore, India

What you will do:

Join our team and you will be joining our cause to build a world that’s safe, comfortable and sustainable.

As a Software Engineer, you’ll be part of our diverse global team making a significant impact on our organization. You will use your analytical thinking skills combined with your experience in applying design patterns and best practices, structured and disciplined development processes and engineering pri",RapidAPI JSearch,8414aaec,0.0,Not specified,2026-04-16T00:00:00.000Z
Resource Pro,"Engineer ii, software engineering, india (backend)",ReSource Pro,Kolhapur,https://bebee.com/in/jobs/engineer-ii-software-engineering-india-backend-resource-pro-kolhapur--whatjobs-4684_6472186,2026-04-22,"Responsibilities

Participate in requirement discussions with business and technical stakeholders to understand and refine functional and technical requirements

Translate functional requirements into scalable and maintainable technical solutions

Design and build reusable components and frameworks using object-oriented principles

Adhere to coding standards, secure coding practices, and development best practices

Adhere to coding standards and best development practices. Design, write, and exe",RapidAPI JSearch,b180d36b,0.0,Not specified,2026-04-17T00:00:00.000Z
Confidential,Ruby Developer,Confidential,,https://bebee.com/in/jobs/ruby-developer-confidential-pune-district--clickajo-533_3437166,2026-04-22,"About the projects: We are building LLM evaluation and training datasets to train LLM to work on realistic software engineering problems. One of our approaches, in this project, is to build verifiable SWE tasks based on public repository histories in a synthetic approach with human-in-the-loop; while expanding the dataset coverage to different types of tasks in terms of programming language, difficulty level, and etc.

We are looking for experienced software engineers (tech lead level) who are f",RapidAPI JSearch,04735331,0.0,Not specified,2026-04-20T00:00:00.000Z
Jpmc Candidate Experience Page,Software Engineer I,JPMC Candidate Experience page,Mumbai,https://jpmc.fa.oraclecloud.com/hcmUI/CandidateExperience/en/sites/CX_1001/job/210721822,2026-04-22,"Are you looking for an exciting opportunity to join a dynamic and growing team in a fast paced and challenging area? This is a unique opportunity for you to work in our team to partner with the Business to provide a comprehensive view.

As a Software Engineer I at JPMorgan Chase within the Model Risk Governance & Review (MRGR) team, you will be developing tools for MRGR Analytics to improve efficiency and reduce duplication of effort, including resource management and cost optimization tools. Yo",RapidAPI JSearch,ceaefd8c,0.0,Not specified,2026-04-10T00:00:00.000Z
Cisco,"Software Engineer - Dataplane, C++, L2/L3, TCP/IP, Forwarding",Cisco,Bengaluru,https://careers.cisco.com/global/en/job/CISCISGLOBAL1442266EXTERNALENGLOBAL/Software-Engineer-Dataplane-C-L2-L3-TCP-IP-Forwarding,2026-04-22,"Meet The Team:

The Cisco Distributed System Engineering (DSE) group is at the forefront of developing products that power the largest networks in the world. The networking industry is going through a massive transformation to build the next generation infrastructure to meet the needs of AI/ML workloads. The products developed by the DSE group are designed to support large-scale web environments, ensuring high performance, scalability, and reliability. We are uniquely positioned to capture that ",RapidAPI JSearch,3e6e1d37,0.0,Not specified,2026-04-19T00:00:00.000Z
Confidential,Remote Software Engineer (JavaScript),Confidential,Raipur,https://bebee.com/in/jobs/remote-software-engineer-javascript-confidential-raipur--clickajo-287_29673449,2026-04-22,"About the projects: we are building LLM evaluation and training datasets to train LLM to work on realistic software engineering problems. One of our approaches, in this project, is to build verifiable SWE tasks based on public repository histories in a synthetic approach with human-in-the-loop; while expanding the dataset coverage to different types of tasks in terms of programming language, difficulty level, and etc.

About the Role:

We are looking for experienced software engineers (tech lead",RapidAPI JSearch,cba0aa01,0.0,Not specified,2026-04-17T00:00:00.000Z
Confidential,"Engineer II, Software Engineering, India (Backend)",Confidential,Kottayam,https://bebee.com/in/jobs/engineer-ii-software-engineering-india-backend-confidential-kottayam--clickajo-63d75f74e0891b9d8e907844c04c56f1,2026-04-22,"Responsibilities:

• Participate in requirement discussions with business and technical stakeholders to understand and refine functional and technical requirements
• Translate functional requirements into scalable and maintainable technical solutions
• Design and build reusable components and frameworks using object-oriented principles
• Adhere to coding standards, secure coding practices, and development best practices
• Adhere to coding standards and best development practices. Design, write, ",RapidAPI JSearch,0f73e31c,0.0,Not specified,2026-04-14T00:00:00.000Z
Zb Global Services India Pvt Ltd,AI Software Engineer,ZB Global Services India Pvt Ltd,Gurugram,https://careers.zimmerbiomet.com/es/es/job/8848/AI-Software-Engineer,2026-04-22,"At Zimmer Biomet, we believe in pushing the boundaries of innovation and driving our mission forward. As a global medical technology leader for nearly 100 years, a patient’s mobility is enhanced by a Zimmer Biomet product or technology every 8 seconds. As a Zimmer Biomet team member, you will share in our commitment to providing mobility and renewed life to people around the world. To support our talent team, we focus on development opportunities, robust employee resource groups (ERGs), a flexib",RapidAPI JSearch,6ef238ac,0.0,Not specified,2026-04-19T00:00:00.000Z
Rspbgl Resource Pro Operational Solutions Private Limited,"Engineer II, Software Engineering - QA, India",RSPBGL ReSource Pro Operational Solutions Private Limited,,https://resourcepro.wd12.myworkdayjobs.com/en-US/Career/job/Engineer-II--Software-Engineering---QA--India_JR26-0000746-1,2026-04-22,UNLEASH YOUR BEST SELF JOIN. LEARN. ADVANCE. EARN YOUR PASSION FOR EXCELLENCE STARTS HERE!! 1. Execution & Report-45% • Perform software functional tests and system tests to identify any defects or improvement (and document results) that do not comply with clients’ requirements or related measures of success. Timely report test progress and risk to senior team lead. Perform defect investigation and debugging to help software engineers isolate problems. 2. Testing Activities-25% • Through a compr,RapidAPI JSearch,3ab034a9,0.0,Not specified,2026-04-14T00:00:00.000Z
Insight,"Sr Full Stack Developer, AI Development",Insight,,https://careers.insight.com/careers/job/171840174327-sr-full-stack-developer-ai-development-gurugram-india?domain=insight.com&microsite=jobs,2026-04-22,"Requisition Number: 104720

Sr Full Stack Developer, AI Development

Location:
This is a hybrid opportunity where you will work part of the week in our Gurugram or Bangalore Hyderabad office, and part of the week from home.

About the role
As a Full Stack Developer, you will be responsible for the end-to-end development of AI-driven applications, from user interface to back-end services. We will count on you to leverage your expertise in Python, React, and Google Cloud Platform to build robust, ",RapidAPI JSearch,3337e597,0.0,Not specified,2026-04-15T00:00:00.000Z
The Cigna Group,Software Engineering Manager - HIH - Evernorth,The Cigna Group,Hyderabad,https://jobs.thecignagroup.com/us/en/job/26000319/Software-Engineering-Manager-HIH-Evernorth,2026-04-22,"Software Engineering Manager

Evernorth, a leading Health Services company, is looking for exceptional engineers/developers in our Data and Analytics organization. In this role, you will actively participate with your development team on initiatives that support Evernorth's strategic goals as well as subject matter experts to understand business logic you will be engineering. As a software engineer, you will help develop an integrated architectural strategy to support next-generation capabilitie",RapidAPI JSearch,9cb819da,0.0,Not specified,2026-04-19T00:00:00.000Z
Zoominfo,Software Engineer III - Python,ZoomInfo,Bengaluru,https://www.zoominfo.com/careers/jr107330/software-engineer-iii-python?ccuid=&gh_src=&gh_jid=8477031002,2026-04-22,"Join ZoomInfo as a Software Engineer III - Python in Bengaluru, Karnataka, India. 933 Engineering - ZI Products team. Apply today.",RapidAPI JSearch,13547a0b,0.0,Not specified,2026-04-21T16:00:00.000Z
